{
  "name" : "sg_adecco_repro_mct-1567663677462",
  "sourceOrgId" : "9WV3s8WNLHXkbTjwoRS16j",
  "sourceOrgName" : "Informatica GCS india",
  "exportedObjects" : [ {
    "objectGuid" : "96gJCGNM5sKjUha77kJy2g",
    "objectName" : "sg_ff_new",
    "objectType" : "Connection",
    "path" : "/SYS",
    "metadata" : {
      "modelVersion" : {
        "major" : 0,
        "minor" : 0
      },
      "repoInfo" : {
        "repoHandle" : "01001N0B0000000000RS"
      },
      "objectRefs" : [ "imIcmroLTuNbeVUTGpgHUv" ],
      "contextAttributes" : [ {
        "name" : "id",
        "value" : "@1"
      } ],
      "additionalInfo" : {
        "description" : null,
        "contentType" : "JSON",
        "documentState" : "COMPLETE"
      }
    }
  }, {
    "objectGuid" : "imIcmroLTuNbeVUTGpgHUv",
    "objectName" : "INshubhNew01",
    "objectType" : "AgentGroup",
    "path" : "/SYS",
    "metadata" : {
      "modelVersion" : {
        "major" : 0,
        "minor" : 0
      },
      "repoInfo" : {
        "repoHandle" : "01001N25000000000046"
      },
      "objectRefs" : [ ],
      "contextAttributes" : [ {
        "name" : "id",
        "value" : "@1"
      } ],
      "additionalInfo" : {
        "description" : null,
        "contentType" : "JSON",
        "documentState" : "VALID"
      }
    }
  }, {
    "objectGuid" : "8nSPQJZKqSkdZcNDQpXC2z",
    "objectName" : "sg_adecco_repro_mct",
    "objectType" : "MTT",
    "path" : "/Explore/Shubham",
    "metadata" : {
      "modelVersion" : {
        "major" : 0,
        "minor" : 0
      },
      "repoInfo" : {
        "repoHandle" : "01001N0Z00000000018Z"
      },
      "objectRefs" : [ "96gJCGNM5sKjUha77kJy2g", "imIcmroLTuNbeVUTGpgHUv", "4RgFHFW1FBLiKEVQevm0MX", "btk6wxIep0Uca1A7w8To0S", "aUCgAGTxkYqfA0Y91ErCeb" ],
      "contextAttributes" : [ {
        "name" : "id",
        "value" : "@1"
      } ],
      "additionalInfo" : {
        "description" : "",
        "contentType" : "JSON",
        "documentState" : "VALID"
      }
    }
  }, {
    "objectGuid" : "4RgFHFW1FBLiKEVQevm0MX",
    "objectName" : "sg_adecco_repro",
    "objectType" : "DTEMPLATE",
    "path" : "/Explore/Shubham",
    "metadata" : {
      "modelVersion" : {
        "major" : 0,
        "minor" : 0
      },
      "repoInfo" : {
        "repoHandle" : "01001N17000000000111"
      },
      "objectRefs" : [ "96gJCGNM5sKjUha77kJy2g", "btk6wxIep0Uca1A7w8To0S", "aUCgAGTxkYqfA0Y91ErCeb" ],
      "contextAttributes" : [ {
        "name" : "id",
        "value" : "@1"
      } ],
      "additionalInfo" : {
        "description" : "",
        "contentType" : "JSON",
        "documentState" : "VALID"
      }
    }
  }, {
    "objectGuid" : "btk6wxIep0Uca1A7w8To0S",
    "objectName" : "sg_sqlserver",
    "objectType" : "Connection",
    "path" : "/SYS",
    "metadata" : {
      "modelVersion" : {
        "major" : 0,
        "minor" : 0
      },
      "repoInfo" : {
        "repoHandle" : "01001N0B00000000004Q"
      },
      "objectRefs" : [ "imIcmroLTuNbeVUTGpgHUv" ],
      "contextAttributes" : [ {
        "name" : "id",
        "value" : "@1"
      } ],
      "additionalInfo" : {
        "description" : null,
        "contentType" : "JSON",
        "documentState" : "COMPLETE"
      }
    }
  }, {
    "objectGuid" : "aUCgAGTxkYqfA0Y91ErCeb",
    "objectName" : "sg_salesforce",
    "objectType" : "Connection",
    "path" : "/SYS",
    "metadata" : {
      "modelVersion" : {
        "major" : 0,
        "minor" : 0
      },
      "repoInfo" : {
        "repoHandle" : "01001N0B0000000000T5"
      },
      "objectRefs" : [ "imIcmroLTuNbeVUTGpgHUv" ],
      "contextAttributes" : [ {
        "name" : "id",
        "value" : "@1"
      } ],
      "additionalInfo" : {
        "description" : null,
        "contentType" : "JSON",
        "documentState" : "COMPLETE"
      }
    }
  }, {
    "objectGuid" : "7CASNUblqvQlrohLKm3Qse",
    "objectName" : "Shubham",
    "objectType" : "Project",
    "path" : "/Explore",
    "metadata" : {
      "modelVersion" : {
        "major" : 0,
        "minor" : 0
      },
      "repoInfo" : null,
      "objectRefs" : [ ],
      "contextAttributes" : [ ],
      "additionalInfo" : {
        "description" : "",
        "contentType" : "Binary",
        "documentState" : "COMPLETE"
      }
    }
  } ]
}